name_1,name_2
"ABC Custom Iron & Locksmith, Inc","ABC CUSTOM IRON & LOCKSMITH, INC."
Vexor Custom Woodworking Tools,VEXOR CUSTOM WOODWORKING TOOLS INC.
The Infinite Monkey Theorem,THE INFINITE MONKEY THEOREM
"Golden West Plumbing, Heating, Air Conditioning, and Electrical","GOLDEN WEST PLUMBING, HEATING & AIR CONDITIONING INC."
Ralph's Industrial Sewing Machine Co,RALPH'S INDUSTRIAL SEWING MACHINE COMPANY
Busick Insulated Glass Inc,"BUSICK INSULATED GLASS, INC."
"B&B Heating & Air Conditioning, Inc.","B & B HEATING AND AIR CONDITIONING, INC."
Aspen Electronics Manufacturing Inc.,ASPEN ELECTRONICS MANUFACTURING INC
CVJ Axles Inc,"CVJ AXLES, INC"
Hot Water Now!,HOT WATER NOW LLC
Oriental Rug and Carpet Clinic,ORIENTAL RUG AND CARPET CLINIC
Da Vinci Designs,"DA VINCI DESIGNS, INC."
Green Sol Chemical Corporation,GREEN SOL CHEMICAL CORPORATION
"Mile High Laser Engraving, LLC",MILE HIGH LASER ENGRAVING
Sleeping Giant Brewing Company,SLEEPING GIANT BREWING COMPANY LLC
Bonacquisti Wine Company,BONACQUISTI WINE COMPANY
Artist Proof Collective,ARTIST PROOF COLLECTIVE LLC
Never Summer Industries,NEVER SUMMER INDUSTRIES
A One Stop Print Shop,A ONE STOP PRINT SHOP INC
Rocky Mountain Food Factory,ROCKY MOUNTAIN FOOD FACTORY INC
"RPC Manufacturing Solutions, LLC","RPC MANUFACTURING SOLUTIONS, LLC"
Electro Mechanical Products,"ELECTRO-MECHANICAL PRODUCTS, INC."
Brekhus Tile & Stone,BREKHUS TILE & STONE INC
Plateau Machinery Inc,"PLATEAU MACHINERY, INC."
Wheat Ridge Poultry and Meats,WHEAT RIDGE POULTRY &AMP; MEATS
Silver Engineering Works,"SILVER ENGINEERING WORKS, LLC"
Tools For Bending Inc.,"TOOLS FOR BENDING, INC."
Cains Creative Cakes,CAINS CREATIVE CAKES LLC
Advanced Cylinders Manufacturing & Repair Inc.,ADVANCED CYLINDERS MANUFACTURING AND REPAIR INC
Elevation Reps of the Rockies,ELEVATION REPS OF THE ROCKIES
Renaissance Leather,RENAISSANCE LEATHER
Lakeside Heating & Air Conditioning,LAKESIDE HEATING & AIR CONDITIONING INC.
Rock River Ranches,ROCK RIVER RANCHES LLC
"Geotech Environmental Equipment, Inc.","GEOTECH ENVIRONMENTAL EQUIPMENT, INC"
Eaton Metal Products Co,EATON METAL PRODUCTS CO.
Bierstadt Lagerhaus,BIERSTADT LAGERHAUS
"Aveno Antiguo, Inc","AVENO ANTIGUO, INC"
Carniceria La Guadalajara,CARNICERIA LA GUADALAJARA
Amen Packaging Inc,AMEN PACKAGING INC
Ram Grinding,RAM GRINDING INC
Industrialex Manufacturing,INDUSTRIALEX MANUFACTURING CORP.
Accent Fence and Design,ACCENT FENCE AND DESIGN LLC.
Foothills Custom Cabinet,FOOTHILLS CUSTOM CABINET
ABM Fabrication & Machining,ABM FABRICATION & MACHINING LLC
Carniceria La Sierra,CARNICERIA LA SIERRA INC
Kerr Panel Manufacturing,KERR PANEL MANUFACTURING
S & H Products,S & H PRODUCTS LLC
"Rocket Seals, Inc.","ROCKET SEALS, INC."
Technicraft Manufacturing Inc,TECHNICRAFT MANUFACTURING INC
T & H Manufacturing LLC,T & H MANUFACTURING LLC
Focused Light LLC,FOCUSED LIGHT LLC
Monarch Metal Manufacturing,MONARCH METAL MANUFACTURING
Bron Tapes,"BRON TAPES HOLDING, INC."
The Real Dill,"THE REAL DILL, LLC"
Harrow Sports,HARROW SPORTS
"Boker USA, Inc.",BOKER USA INC
NuLine Manufacturing Inc.,NULINE MANUFACTURING INCORPORATED
Acme Manufacturing Company,"ACME MANUFACTURING COMPANY, INC."
"Copeland Precast, Inc.","COPELAND ENTERPRISES, INC. DBA COPELAND PRECAST, INC."
Pro Cabinet Solutions,PRO CABINET SOLUTIONS INC
Metal Roofing Solutions,METAL ROOFING SOLUTIONS LLC
R & M Sales Co Inc,R & M SALES CO INC
Integrity Fire Safety Services,"INTEGRITY FIRE SAFETY SERVICES, LLC"
Paramount Fabrics Inc,PARAMOUNT FABRICS INC
"Rylind Manufacturing, Inc","RYLIND MANUFACTURING, INC."
Unique Manufacturing & Marketing,UNIQUE MANUFACTURING AND MARKETING INC
Control Design & Manufacturing,"CONTROL DESIGN &AMP; MANUFACTURING, INC."
Sincerely Yours,SINCERELY YOURS
Denver Restaurant Equipment Corp.,DENVER RESTAURANT EQUIPMENT
Gates & Sons Inc,"GATES AND SONS, INC."
Neocom Promo LLC,NEOCOM PROMO LLC
Sportique Scooters,"SPORTIQUE SCOOTERS, LLC"
Alfred Manufacturing Co Inc,ALFRED MANUFACTURING INC.
Columbine Paper & Maintenance,"COLUMBINE PAPER & MAINTENANCE SUPPLY CO., INC"
The Duck Company,THE DUCK COMPANY
Knotty Tie Co.,KNOTTY TIE CO.
Fabrications Unlimited,FABRICATIONS UNLIMITED INC
Wanco Inc.,WANCO INC
"Zimmerman Metals, Inc.","ZIMMERMAN METALS, INC."
Cobitco Inc,"COBITCO, INC."
Flink Supply Co,"FLINK SUPPLY COMPANY, LLC"
Genesee Biomedical Inc,"GENESEE BIOMEDICAL, INC."
Right Stuff Equipment,RIGHT STUFF EQUIPMENT SUPPLY LLC
Dairy Engineering Company,DAIRY ENGINEERING COMPANY
Paramount Audio Video Corp.,PARAMOUNT AUDIO VIDEO CORPORATION
Direct Polymers,DIRECT POLYMERS LLC
Maglin Corporation,MAGLIN CORPORATION
PHM Brands,"PHM BRANDS, LLC"
Arvada Pump Company,ARVADA PUMP CO. INC
Old Western Paint Co Inc,"OLD WESTERN PAINTS, INC."
Ready Foods Inc,"READY FOODS, INC."
Karl Schmidt Mfg,"KARL SCHMIDT MANUFACTURING, INC."
"Pre Action Fire, Inc",PRE ACTION FIRE
Cinegration LLC,CINEGRATION LLC
Seader Custom Metal Works,SEADER CUSTOM METAL
Talnua Distillery,"TALNUA, LLC"
Medical Creations Inc,MEDICAL CREATIONS INC
"AAAA Specialties, Inc. - Custom Spring Manufacturing","AAAA SPECIALTIES, INC."
Actall Corporation,ACTALL CORPORATION
Colorado Saddlery,COLORADO SADDLERY LLC
Innovations Manufacturing,"INNOVATIONS MANUFACTURING, INC."
Denver Distillery,"DENVER DISTILLERY, LLC"
Whipchek Manufacturing Corporation,WHIPCHEK MFG CO
Republic Manufacturing (formerly Joost Industrial),"JOOST INDUSTRIAL, INC"
"Liquidyne Process Technologies, Inc.","SEEQUS, INC"
Hoff Miller Ltd,"HOFF MILLER, LTD."
SomePlace Else Brewery,SOMEPLACE ELSE LLC
Genghis Kern Letterpress & Design,GENGHIS KERN INC
Hydro Rocky Mountain,"HYDRO ROCKY MOUNTAIN, INC."
Rio Grande Co Design Center,RIO GRANDE CO.
Seattle Fish Co.,SEATTLE FISH COMPANY
Summit Brick Company - Lakewood Plant,THE LAKEWOOD BRICK AND TILE COMPANY
Regional Sales Co,REGIONAL SALES COMPANY
SEGRITY LLC,SEGRITY LLC
Barber-Nichols,BARBER-NICHOLS INC.
Choice Manufacturing,"CHOICE CHEMICAL COMPANY, A COL"
Mount Sopris Instruments Inc.,MOUNT SOPRIS INSTRUMENT COMPANY
"ILONA, INC.","ILONA, INC."
Green Vine Marketing,GREEN VINE MARKETING LLC
Joaquin Manufacturing,JOAQUIN MFG CORP
Dawn Industries,DAWN INDUSTRIES  INC.
Tops of Rockies,"TOPS OF ROCKIES MARKETING, INC."
Livingston Systems,LIVINGSTON SYSTEMS LLC
Majestic Metals by Fathom Manufacturing,"MAJESTIC METALS, LLC"
Oribi Composites,ORIBI MANUFACTURING LLC
Odyssey Beerwerks Brewery & Taproom,"ODYSSEY BEERWERKS, LLC"
Infinite Harvest Inc,"INFINITE HARVEST, INC."
Seeley International Americas,"SEELEY INTERNATIONAL ACQUISITION CO., LTD."
Acro Manufacturing Corporation,DODD MANUFACTURING
The Knife Guys,"THE KNIFE GUYS, INC.DBA ROLLING SHARPENI NG STONE"
Red Arrow Manufacturing,RED ARROW CORPORATION
Meier Skis,MEIER LLC
